<?xml version="1.0" encoding="UTF-8"?>
    <addon id="repository" name="El Angel Caido" version="0.1.0" provider-name="El Angel Caido">
        <requires>
            <import addon="xbmc.addon" version="12.0.0"/>
        </requires>
        <extension point="xbmc.addon.repository" name="El Angel Caido">
            <info compressed="false">https://raw.githubusercontent.com/elangelcaido/repository/Addons/_repo/addons.xml</info>
            <checksum>https://raw.githubusercontent.com/elangelcaido/repository/Addons/_repo/addons.xml.md5</checksum>
            <datadir zip="true">https://raw.githubusercontent.com/elangelcaido/repository/Addons/_repo/</datadir>
            <hashes>false</hashes>
        </extension>
        <extension point="xbmc.addon.metadata">
            <summary>Repositorio</summary>
            <description>Repositorio de Addons para KODI.</description>
            <platform>all</platform>
    </extension>
</addon>